id,first_name,last_name,email,gender,ip_address
1,Fran,Lindenstrauss,flindenstrauss0@umn.edu,Male,52.54.60.76
2,Johann,Ellif,jellif1@prnewswire.com,Male,88.224.241.23
3,Clementius,Sesser,csesser2@issuu.com,Male,113.146.140.54
4,Chrissie,Mart,cmart3@chronoengine.com,Female,196.193.224.236
5,Berk,Kunert,bkunert4@icio.us,Male,137.37.37.246
6,Tiphany,Payne,tpayne5@howstuffworks.com,Female,150.43.137.113
7,Sargent,Wilshere,swilshere6@nsw.gov.au,Male,122.179.90.40
8,Jo,Auden,jauden7@sciencedaily.com,Male,32.118.171.108
9,Ramsay,Demongeot,rdemongeot8@quantcast.com,Male,248.241.250.250
10,Patin,Doylend,pdoylend9@harvard.edu,Male,214.12.197.47
11,Rochell,Deadman,rdeadmana@independent.co.uk,Female,215.64.0.142
12,Shandy,Stearn,sstearnb@i2i.jp,Bigender,233.133.47.87
13,Idelle,Cawthra,icawthrac@ycombinator.com,Female,197.4.43.124
14,Franny,Blois,fbloisd@weebly.com,Male,105.180.87.62
15,Bryon,Sproul,bsproule@wikispaces.com,Male,20.92.235.242
16,Hamish,Kinvig,hkinvigf@gov.uk,Male,8.162.208.210
17,Cammy,deKnevet,cdeknevetg@macromedia.com,Non-binary,203.126.180.206
18,Katy,Phittiplace,kphittiplaceh@tuttocitta.it,Female,23.166.64.233
19,Becky,Samples,bsamplesi@utexas.edu,Female,43.233.111.97
20,Marla,Aynsley,maynsleyj@netvibes.com,Female,227.144.38.99
21,Frannie,Brazer,fbrazerk@angelfire.com,Male,205.75.0.202
22,Brant,Tanzer,btanzerl@xrea.com,Male,210.61.166.146
23,Hilly,Cubbon,hcubbonm@baidu.com,Male,118.168.16.136
24,Shayla,Barnewelle,sbarnewellen@aol.com,Female,74.21.173.217
25,Ruthy,Rizzetti,rrizzettio@seesaa.net,Female,81.136.139.134
26,Faber,Menego,fmenegop@php.net,Male,147.146.187.207
27,Zachary,Cristofari,zcristofariq@wp.com,Male,110.92.195.207
28,Arri,Mayers,amayersr@umn.edu,Male,169.189.11.171
29,Willow,MacPaik,wmacpaiks@dropbox.com,Non-binary,237.252.215.207
30,Leoine,Newcome,lnewcomet@un.org,Female,89.123.126.40
31,Cindi,Covendon,ccovendonu@sphinn.com,Female,66.176.16.90
32,Joete,Cornell,jcornellv@ca.gov,Non-binary,188.219.119.194
33,Peterus,Tuckie,ptuckiew@delicious.com,Male,186.173.75.131
34,Loreen,Thomson,lthomsonx@last.fm,Female,67.44.8.157
35,Linell,Sesons,lsesonsy@plala.or.jp,Female,208.32.139.154
36,Roz,O'Hoey,rohoeyz@reddit.com,Female,191.85.109.45
37,Bebe,Carwardine,bcarwardine10@opensource.org,Female,215.40.69.221
38,Alwyn,Matyasik,amatyasik11@china.com.cn,Genderqueer,100.237.225.237
39,Johny,Yeardley,jyeardley12@mozilla.com,Male,106.145.107.38
40,Wrennie,Draper,wdraper13@reference.com,Female,203.212.196.215
41,Finley,Elven,felven14@unblog.fr,Male,56.217.173.224
42,Randi,Rhymer,rrhymer15@myspace.com,Female,146.203.167.34
43,Wileen,Buist,wbuist16@intel.com,Female,112.98.140.39
44,Joshia,Filasov,jfilasov17@dailymail.co.uk,Male,187.129.144.81
45,Trina,Gilburt,tgilburt18@angelfire.com,Female,170.42.235.101
46,Fons,Bielby,fbielby19@wp.com,Male,95.141.164.72
47,Suzi,Doy,sdoy1a@dyndns.org,Female,195.95.0.189
48,Row,Peart,rpeart1b@nyu.edu,Female,251.30.208.187
49,Amie,Physick,aphysick1c@oracle.com,Female,65.222.4.23
50,Grace,Le Fleming,glefleming1d@shareasale.com,Female,239.92.39.197
51,Brody,Ponten,bponten1e@china.com.cn,Male,209.159.240.60
52,Dana,Guerrin,dguerrin1f@miibeian.gov.cn,Bigender,136.78.227.141
53,Wiatt,Curee,wcuree1g@tiny.cc,Male,162.21.82.18
54,Harlin,Vautier,hvautier1h@disqus.com,Male,234.247.196.169
55,Fredek,Noseworthy,fnoseworthy1i@ezinearticles.com,Polygender,171.255.129.71
56,Ambrose,Gartland,agartland1j@furl.net,Male,208.188.103.120
57,Mariel,Grube,mgrube1k@google.nl,Female,208.122.34.120
58,Siegfried,Brittin,sbrittin1l@ed.gov,Male,38.56.64.66
59,Krissie,Straneo,kstraneo1m@webs.com,Female,121.169.158.234
60,Arv,Sweetland,asweetland1n@mtv.com,Male,35.45.136.0
61,Starlene,Doerling,sdoerling1o@mail.ru,Female,248.64.123.44
62,Weidar,Braisher,wbraisher1p@google.ca,Male,39.108.166.14
63,Maximilianus,Berthouloume,mberthouloume1q@redcross.org,Male,27.226.152.176
64,Hanni,Bartosek,hbartosek1r@amazon.co.uk,Female,108.172.113.125
65,Celinka,Fantini,cfantini1s@alibaba.com,Agender,23.87.28.160
66,Donnie,Cumes,dcumes1t@booking.com,Genderfluid,179.164.67.64
67,Lila,Feedham,lfeedham1u@cloudflare.com,Female,206.197.20.231
68,Larisa,Usborn,lusborn1v@over-blog.com,Female,242.238.61.101
69,Shep,Meffen,smeffen1w@auda.org.au,Male,83.147.140.121
70,Marcellina,Berger,mberger1x@rambler.ru,Female,236.11.15.96
71,Erny,Dobrovolski,edobrovolski1y@businessinsider.com,Male,69.163.5.57
72,Sam,Aylmer,saylmer1z@qq.com,Female,207.76.148.11
73,Maren,Pre,mpre20@marriott.com,Female,95.176.76.109
74,Torrey,Lennard,tlennard21@tinyurl.com,Polygender,234.220.34.142
75,Jocelyn,Neylon,jneylon22@eepurl.com,Female,229.197.189.245
76,Papagena,Bryenton,pbryenton23@trellian.com,Female,56.138.151.45
77,Tan,Liffe,tliffe24@china.com.cn,Male,195.244.38.95
78,Gilberte,Wethey,gwethey25@cnet.com,Female,211.225.87.141
79,Nikolas,Stove,nstove26@com.com,Male,94.53.241.38
80,Lory,Wehnerr,lwehnerr27@php.net,Female,108.168.182.191
81,Torrin,Gorvette,tgorvette28@chron.com,Male,71.111.197.154
82,Dino,Gillett,dgillett29@dagondesign.com,Male,115.196.241.58
83,Olly,Nawton,onawton2a@technorati.com,Male,75.183.5.210
84,Amaleta,Daingerfield,adaingerfield2b@paypal.com,Female,68.220.14.159
85,Odey,Lanahan,olanahan2c@dedecms.com,Genderqueer,21.160.237.10
86,Aldis,Postle,apostle2d@npr.org,Male,102.240.40.71
87,Patton,Perren,pperren2e@economist.com,Male,36.46.72.119
88,Bondie,Hansard,bhansard2f@google.com,Male,175.68.133.129
89,Reid,Wolseley,rwolseley2g@taobao.com,Male,6.138.31.144
90,Kippy,Kinver,kkinver2h@squarespace.com,Male,87.107.40.107
91,Ellerey,Cashley,ecashley2i@about.com,Male,94.237.136.207
92,Debby,Casaletto,dcasaletto2j@uol.com.br,Female,49.139.143.174
93,Odie,Jasiak,ojasiak2k@cyberchimps.com,Male,134.178.222.222
94,Gus,Buscher,gbuscher2l@free.fr,Female,64.230.215.163
95,Hollie,Theodoris,htheodoris2m@icq.com,Female,68.112.37.240
96,Brenden,Piatkow,bpiatkow2n@shutterfly.com,Male,15.21.19.73
97,Derrek,Zavattero,dzavattero2o@mit.edu,Male,249.28.216.196
98,Richmound,O'Shirine,roshirine2p@princeton.edu,Male,163.43.219.11
99,Rhianon,Ligoe,rligoe2q@oakley.com,Female,123.78.169.221
100,Raimund,Houlworth,rhoulworth2r@macromedia.com,Male,42.69.247.1
101,Lily,Maude,lmaude2s@princeton.edu,Genderfluid,148.229.67.77
102,Alidia,Dewett,adewett2t@bing.com,Polygender,93.69.41.229
103,Alvera,Pahler,apahler2u@opensource.org,Female,79.149.203.28
104,Reinold,Wrout,rwrout2v@e-recht24.de,Male,227.44.11.199
105,Sherlocke,Pidgeon,spidgeon2w@google.it,Male,226.172.5.40
106,Daniella,Sinnatt,dsinnatt2x@soundcloud.com,Female,95.254.164.236
107,Elvyn,Riach,eriach2y@ameblo.jp,Male,162.90.173.127
108,Ernst,Tappington,etappington2z@whitehouse.gov,Genderqueer,7.205.132.3
109,Fredek,Stidever,fstidever30@smugmug.com,Polygender,117.147.240.177
110,Haywood,Buttel,hbuttel31@zimbio.com,Male,234.97.77.218
111,Shannon,Cason,scason32@github.io,Male,148.191.130.81
112,Michelina,Adamovitch,madamovitch33@goodreads.com,Female,174.92.216.131
113,Saul,Lobb,slobb34@ucoz.ru,Male,98.39.195.198
114,Darb,Yonge,dyonge35@pbs.org,Genderqueer,129.130.82.60
115,Mikey,Jaqueme,mjaqueme36@infoseek.co.jp,Male,150.212.78.135
116,Aile,Voase,avoase37@liveinternet.ru,Female,230.90.242.22
117,Danice,Beric,dberic38@elegantthemes.com,Female,108.242.28.137
118,Blakeley,Drabble,bdrabble39@springer.com,Female,15.27.111.59
119,Langsdon,Newcomen,lnewcomen3a@bigcartel.com,Male,233.47.76.179
120,Ker,Heiden,kheiden3b@php.net,Male,10.66.33.254
121,Ilka,Bousler,ibousler3c@reference.com,Female,154.2.55.206
122,Jonie,Myers,jmyers3d@tumblr.com,Female,116.98.145.135
123,Samaria,Josey,sjosey3e@livejournal.com,Female,33.11.108.208
124,Hedda,Philbin,hphilbin3f@nbcnews.com,Bigender,127.217.202.147
125,Rorie,Gandley,rgandley3g@ocn.ne.jp,Female,95.121.63.86
126,Esra,Gostling,egostling3h@theatlantic.com,Male,129.179.194.136
127,Dianna,Mullender,dmullender3i@yolasite.com,Bigender,1.123.215.237
128,Adella,Ramsay,aramsay3j@ed.gov,Female,148.23.114.33
129,Tonia,Andriss,tandriss3k@technorati.com,Female,217.29.73.171
130,Uri,Perschke,uperschke3l@google.es,Male,12.134.146.125
131,Leshia,Luna,lluna3m@histats.com,Non-binary,253.36.215.199
132,Ambrosio,Gadaud,agadaud3n@samsung.com,Male,201.102.250.136
133,Martin,Ritchley,mritchley3o@epa.gov,Male,58.224.9.226
134,Timmy,Ensor,tensor3p@taobao.com,Female,123.125.177.78
135,Gerta,Coen,gcoen3q@arizona.edu,Female,212.140.120.197
136,Sarena,Bruffell,sbruffell3r@telegraph.co.uk,Female,209.106.97.55
137,Prissie,Gammel,pgammel3s@upenn.edu,Female,25.135.122.229
138,Manfred,McKoy,mmckoy3t@naver.com,Male,206.249.92.175
139,Ardath,Stollmeier,astollmeier3u@utexas.edu,Female,13.40.240.136
140,Ruperta,Barbary,rbarbary3v@mashable.com,Female,37.49.105.68
141,Courtenay,Mathelon,cmathelon3w@indiatimes.com,Female,46.70.217.69
142,Carolynn,Brothwell,cbrothwell3x@businessinsider.com,Female,4.30.213.53
143,Donetta,Landers,dlanders3y@ezinearticles.com,Female,83.252.2.100
144,Manny,Quinton,mquinton3z@liveinternet.ru,Male,182.124.195.217
145,Alfy,Colmore,acolmore40@springer.com,Male,171.159.247.38
146,Sayres,Arnhold,sarnhold41@time.com,Male,63.146.16.156
147,Dicky,Clavering,dclavering42@ucoz.ru,Polygender,9.125.219.92
148,Saree,Blunderfield,sblunderfield43@patch.com,Female,127.244.205.116
149,Rivi,Talton,rtalton44@tinyurl.com,Female,151.172.212.7
150,Koren,Dyett,kdyett45@g.co,Female,203.131.209.112
151,Cleopatra,Vignaux,cvignaux46@163.com,Female,94.77.175.41
152,Martie,Checketts,mchecketts47@reuters.com,Male,7.130.156.76
153,Englebert,Loveridge,eloveridge48@japanpost.jp,Male,32.71.5.121
154,Sasha,Keddey,skeddey49@fotki.com,Male,219.191.26.147
155,Marjie,Suggitt,msuggitt4a@mozilla.com,Female,9.37.110.84
156,Gipsy,Cordeau],gcordeau4b@foxnews.com,Female,164.20.163.193
157,Monah,Hourigan,mhourigan4c@intel.com,Female,106.241.18.180
158,Ann,MacAiline,amacailine4d@fotki.com,Female,76.234.11.240
159,Monique,Clemmitt,mclemmitt4e@state.tx.us,Female,41.100.150.116
160,Vanda,Jesson,vjesson4f@photobucket.com,Female,24.150.10.173
161,Curt,Pope,cpope4g@ed.gov,Male,87.14.128.197
162,Adelbert,Drejer,adrejer4h@ycombinator.com,Male,5.1.75.186
163,Dalt,Perotti,dperotti4i@hugedomains.com,Male,105.200.21.201
164,Royall,Strutz,rstrutz4j@home.pl,Male,109.93.149.95
165,Robbin,Glentz,rglentz4k@prlog.org,Female,51.187.253.133
166,Aundrea,Gutteridge,agutteridge4l@rambler.ru,Female,179.122.84.40
167,Huberto,Ary,hary4m@latimes.com,Male,32.199.197.195
168,Jeniece,Jahns,jjahns4n@hhs.gov,Female,86.63.133.64
169,Blanca,Liddard,bliddard4o@bloomberg.com,Female,82.191.83.191
170,Chrisse,Tixier,ctixier4p@deviantart.com,Male,120.253.231.245
171,Inger,Halwell,ihalwell4q@blinklist.com,Male,148.151.187.255
172,Wood,Chipchase,wchipchase4r@php.net,Male,209.227.20.125
173,Georgy,Bucklan,gbucklan4s@uiuc.edu,Male,33.246.55.223
174,Riobard,McKeurton,rmckeurton4t@wp.com,Male,253.113.222.55
175,Kylila,Tombs,ktombs4u@chicagotribune.com,Female,213.213.73.200
176,Curr,Learmonth,clearmonth4v@amazonaws.com,Male,70.14.28.181
177,Julita,Ablitt,jablitt4w@addtoany.com,Female,61.119.116.30
178,Maryl,Geri,mgeri4x@whitehouse.gov,Female,173.12.236.102
179,Morgan,Weatherby,mweatherby4y@intel.com,Bigender,108.254.26.136
180,Felice,Biasioli,fbiasioli4z@opera.com,Non-binary,105.201.89.43
181,Burt,Grelak,bgrelak50@digg.com,Male,119.180.238.175
182,Philbert,Lafay,plafay51@pbs.org,Male,137.0.36.94
183,Winifred,Greiser,wgreiser52@twitter.com,Female,34.114.216.220
184,Burr,Mulqueen,bmulqueen53@nifty.com,Male,236.9.225.59
185,Katharina,McIlwaine,kmcilwaine54@businesswire.com,Female,120.113.210.191
186,Domenico,Bissill,dbissill55@weebly.com,Male,80.180.182.81
187,Jocelyn,Liddard,jliddard56@icio.us,Female,48.254.39.158
188,Vanda,Hillan,vhillan57@blogs.com,Female,204.1.242.123
189,Barnaby,Kincaid,bkincaid58@whitehouse.gov,Polygender,215.152.140.82
190,Victoria,Kynson,vkynson59@bing.com,Female,18.143.197.163
191,Zolly,Dubble,zdubble5a@360.cn,Male,238.3.215.159
192,Clarance,McCarney,cmccarney5b@fema.gov,Male,89.188.39.67
193,Felicity,Liquorish,fliquorish5c@infoseek.co.jp,Female,91.84.134.192
194,Gayler,Delhanty,gdelhanty5d@indiatimes.com,Male,54.46.19.7
195,Trula,Bennis,tbennis5e@canalblog.com,Female,145.175.222.135
196,Bram,Franke,bfranke5f@java.com,Male,254.254.104.133
197,Perren,Luppitt,pluppitt5g@marriott.com,Male,4.152.26.5
198,Torrin,Cuzen,tcuzen5h@live.com,Male,97.29.61.220
199,Row,Giaomozzo,rgiaomozzo5i@smh.com.au,Female,187.31.40.141
200,Cristy,Devonside,cdevonside5j@simplemachines.org,Female,146.33.166.28
201,Deni,Christer,dchrister5k@bigcartel.com,Female,132.247.135.108
202,Carol,Grewcock,cgrewcock5l@shop-pro.jp,Female,158.51.242.189
203,Sibylle,Strooband,sstrooband5m@wordpress.org,Agender,20.238.118.72
204,Armand,Kolushev,akolushev5n@phpbb.com,Male,24.187.76.174
205,Roseanne,Blown,rblown5o@unc.edu,Female,161.55.6.77
206,Beitris,Schwanden,bschwanden5p@noaa.gov,Female,142.76.15.37
207,Tamar,Benoey,tbenoey5q@amazonaws.com,Female,176.30.120.179
208,Giffy,Washtell,gwashtell5r@usgs.gov,Non-binary,22.250.182.83
209,Joane,Cutting,jcutting5s@irs.gov,Female,29.81.23.109
210,Wilek,Creegan,wcreegan5t@huffingtonpost.com,Male,39.198.222.206
211,Maye,Schaffel,mschaffel5u@virginia.edu,Female,2.173.14.237
212,Mikkel,Biesterfeld,mbiesterfeld5v@mayoclinic.com,Male,16.168.229.206
213,Daisy,McCowen,dmccowen5w@guardian.co.uk,Female,124.116.129.189
214,Aharon,Hedling,ahedling5x@webeden.co.uk,Bigender,228.93.27.137
215,June,Ruberry,jruberry5y@cnet.com,Female,41.113.232.79
216,Druci,Spacy,dspacy5z@ehow.com,Female,230.190.57.4
217,Mimi,Dillway,mdillway60@mysql.com,Female,55.172.156.235
218,Diane-marie,Dewfall,ddewfall61@arizona.edu,Female,139.254.72.206
219,Madlin,Polino,mpolino62@wikimedia.org,Female,26.238.23.247
220,Dell,Valentelli,dvalentelli63@lycos.com,Male,136.149.78.199
221,Darrick,Screaton,dscreaton64@columbia.edu,Agender,175.206.166.228
222,Cecile,Jedras,cjedras65@com.com,Female,198.240.81.153
223,Dasya,Farraway,dfarraway66@amazon.co.uk,Female,19.9.228.180
224,Pedro,Seamen,pseamen67@csmonitor.com,Male,68.144.96.217
225,Roselin,Eliasen,reliasen68@auda.org.au,Female,229.251.239.157
226,Rosamond,Cattermoul,rcattermoul69@trellian.com,Female,69.14.102.121
227,Nicolis,McAuley,nmcauley6a@yandex.ru,Male,200.47.58.113
228,Mordy,O'Donovan,modonovan6b@discovery.com,Male,10.154.53.79
229,Carmelia,Tutsell,ctutsell6c@sohu.com,Female,123.87.211.126
230,Lyn,Cammocke,lcammocke6d@constantcontact.com,Male,105.131.58.64
231,Georgina,Royans,groyans6e@mozilla.com,Female,47.67.93.202
232,Viole,Abramowsky,vabramowsky6f@wikia.com,Female,136.252.201.165
233,Hilly,Faulconbridge,hfaulconbridge6g@bluehost.com,Polygender,40.103.46.239
234,Uriel,Queree,uqueree6h@netvibes.com,Male,207.251.173.193
235,Denyse,Zelner,dzelner6i@blinklist.com,Female,204.110.124.168
236,Elita,Shurman,eshurman6j@myspace.com,Female,245.44.58.88
237,Dev,Whilde,dwhilde6k@google.cn,Non-binary,129.42.18.120
238,Pieter,Surgey,psurgey6l@digg.com,Male,237.245.217.169
239,Celestina,Lidden,clidden6m@cnbc.com,Female,15.212.17.174
240,Nadeen,Pither,npither6n@loc.gov,Genderfluid,69.91.177.220
241,Algernon,Pennuzzi,apennuzzi6o@hostgator.com,Male,9.244.32.73
242,Thatcher,Colby,tcolby6p@spiegel.de,Male,220.110.85.94
243,Randy,Meier,rmeier6q@latimes.com,Male,55.159.55.248
244,Max,Byram,mbyram6r@bbc.co.uk,Female,69.57.18.231
245,Peria,Silly,psilly6s@instagram.com,Female,118.126.204.235
246,Valera,Merryweather,vmerryweather6t@altervista.org,Polygender,156.65.217.90
247,Bird,Sidney,bsidney6u@skyrock.com,Female,107.196.104.64
248,Roselin,Tosspell,rtosspell6v@bloglovin.com,Female,61.120.254.250
249,Boothe,Carreyette,bcarreyette6w@myspace.com,Male,61.210.105.203
250,Franzen,Edsell,fedsell6x@army.mil,Male,36.138.117.1
251,Ag,Beatey,abeatey6y@reference.com,Female,127.39.185.221
252,Hagan,Beeby,hbeeby6z@redcross.org,Polygender,229.140.194.101
253,Myrna,Drohane,mdrohane70@acquirethisname.com,Female,72.225.37.184
254,Jamey,Elgar,jelgar71@nhs.uk,Male,227.119.65.224
255,Lucita,Shailer,lshailer72@ycombinator.com,Female,242.110.17.149
256,West,Caudrey,wcaudrey73@yandex.ru,Male,36.68.124.27
257,Cairistiona,Langmaid,clangmaid74@apache.org,Polygender,74.185.184.204
258,Nilson,De Brett,ndebrett75@flavors.me,Polygender,29.96.185.130
259,Rudd,Klemz,rklemz76@icq.com,Male,74.138.108.23
260,Jamison,Hailey,jhailey77@canalblog.com,Male,244.50.50.23
261,Delbert,Gaines,dgaines78@e-recht24.de,Male,233.17.149.177
262,Dee,Brenneke,dbrenneke79@imageshack.us,Genderfluid,146.25.207.72
263,Vinny,Pidon,vpidon7a@canalblog.com,Male,50.197.32.75
264,Shauna,Jeandin,sjeandin7b@over-blog.com,Female,48.105.33.177
265,Pepi,Prinne,pprinne7c@huffingtonpost.com,Female,75.143.218.2
266,Allyson,Mattingson,amattingson7d@hhs.gov,Female,247.253.112.175
267,Trixy,De Courtney,tdecourtney7e@over-blog.com,Female,165.128.62.77
268,Blithe,Tiernan,btiernan7f@ihg.com,Female,36.126.67.216
269,Herb,Kinneir,hkinneir7g@live.com,Male,187.4.251.26
270,Keary,Takos,ktakos7h@wunderground.com,Male,134.159.11.48
271,Frans,Madill,fmadill7i@sciencedaily.com,Male,65.199.124.117
272,Chicky,Bettison,cbettison7j@sbwire.com,Male,189.51.236.224
273,Ricard,Gethin,rgethin7k@shop-pro.jp,Male,119.192.213.34
274,Maryanna,Fullicks,mfullicks7l@ning.com,Female,143.107.0.255
275,Rossy,Sommerton,rsommerton7m@so-net.ne.jp,Male,213.121.179.32
276,Karia,Ivens,kivens7n@yale.edu,Female,204.4.100.118
277,Junie,Campana,jcampana7o@acquirethisname.com,Female,175.169.92.39
278,Wood,Simkins,wsimkins7p@mac.com,Male,137.147.209.12
279,Kipper,Cristofol,kcristofol7q@drupal.org,Male,152.142.226.29
280,Kimble,Heinel,kheinel7r@etsy.com,Male,89.182.98.65
281,Zachary,Cornelisse,zcornelisse7s@tumblr.com,Male,110.57.24.240
282,Avis,Ruddy,aruddy7t@hc360.com,Female,27.18.76.184
283,Vinny,Reffe,vreffe7u@smugmug.com,Male,213.9.128.120
284,Felice,Pordall,fpordall7v@rakuten.co.jp,Male,119.189.33.30
285,Randell,Coughlin,rcoughlin7w@dailymotion.com,Male,74.21.144.230
286,Kyla,Gianni,kgianni7x@cafepress.com,Female,130.186.184.218
287,Porty,Divell,pdivell7y@1und1.de,Male,232.239.65.120
288,Karlotte,Heugel,kheugel7z@yale.edu,Female,252.235.142.140
289,Wain,Sorrie,wsorrie80@amazon.com,Male,135.250.10.107
290,Ellene,Baford,ebaford81@ft.com,Female,220.143.143.53
291,Tarrance,Zorer,tzorer82@ftc.gov,Male,161.46.69.32
292,Aguste,Triebner,atriebner83@tinyurl.com,Male,172.177.35.140
293,Aurelea,Burgane,aburgane84@opera.com,Female,27.105.57.101
294,Maiga,Housley,mhousley85@exblog.jp,Female,125.25.232.228
295,Umberto,Belfrage,ubelfrage86@shinystat.com,Male,133.27.236.170
296,Allsun,Geram,ageram87@apple.com,Female,23.131.251.100
297,Zollie,Tenney,ztenney88@loc.gov,Male,155.97.26.26
298,Clyve,Lille,clille89@oracle.com,Male,211.86.49.12
299,Dav,Drysdale,ddrysdale8a@tiny.cc,Bigender,38.30.97.98
300,Clayborn,Arnout,carnout8b@apache.org,Agender,165.183.210.112
301,Carl,Keeling,ckeeling8c@shutterfly.com,Male,11.135.232.197
302,Alejandra,Hafner,ahafner8d@is.gd,Female,168.24.192.1
303,Gilly,McInerney,gmcinerney8e@elegantthemes.com,Female,55.218.113.170
304,Barbe,Endecott,bendecott8f@miitbeian.gov.cn,Female,48.85.200.3
305,Allie,Frostdick,afrostdick8g@myspace.com,Female,138.163.252.17
306,Haily,Luckin,hluckin8h@vkontakte.ru,Female,225.218.221.183
307,Timothea,Fearney,tfearney8i@harvard.edu,Female,7.42.153.88
308,Mariette,McCaughey,mmccaughey8j@umn.edu,Female,142.169.97.106
309,Gertie,Swindall,gswindall8k@ca.gov,Female,250.249.138.110
310,Jeno,Crone,jcrone8l@multiply.com,Male,86.48.170.193
311,Anastassia,Mandeville,amandeville8m@skyrock.com,Female,26.211.94.176
312,Malinda,Andrey,mandrey8n@hibu.com,Bigender,111.112.62.150
313,Flossy,Girardi,fgirardi8o@nps.gov,Female,94.79.105.146
314,Dougie,Jobling,djobling8p@ed.gov,Male,250.76.45.71
315,Nessa,Mackness,nmackness8q@upenn.edu,Genderqueer,156.118.131.29
316,Bree,Orr,borr8r@shareasale.com,Female,200.20.52.254
317,Elden,Pedrielli,epedrielli8s@friendfeed.com,Male,194.235.219.239
318,Ginevra,Trosdall,gtrosdall8t@altervista.org,Female,152.89.2.31
319,Evita,Briscoe,ebriscoe8u@bloglovin.com,Female,247.119.45.196
320,Temple,Owthwaite,towthwaite8v@dedecms.com,Male,242.253.190.55
321,Alvin,Melsome,amelsome8w@google.it,Male,196.138.220.157
322,Sibby,Lahive,slahive8x@ibm.com,Female,80.217.90.102
323,Elena,Marrington,emarrington8y@toplist.cz,Female,125.40.99.133
324,Beverley,Gaine,bgaine8z@eventbrite.com,Female,113.148.134.232
325,Pet,Greated,pgreated90@digg.com,Female,113.77.109.233
326,Fletcher,Iggulden,figgulden91@w3.org,Male,244.242.159.175
327,Filide,Cuseick,fcuseick92@hostgator.com,Female,16.12.14.51
328,Jobyna,Hirthe,jhirthe93@house.gov,Bigender,177.68.195.195
329,Adan,Marsay,amarsay94@cnn.com,Female,129.237.183.18
330,Agustin,Scrafton,ascrafton95@indiatimes.com,Male,127.177.94.21
331,Rufus,Bielefeld,rbielefeld96@ted.com,Male,162.53.26.104
332,Winfield,McAvinchey,wmcavinchey97@chron.com,Male,140.44.164.10
333,Bing,Scollard,bscollard98@soup.io,Male,231.255.112.33
334,Paolina,McKechnie,pmckechnie99@weebly.com,Female,60.181.123.150
335,Faustina,Taynton,ftaynton9a@about.com,Female,61.0.232.252
336,Doralin,Trobridge,dtrobridge9b@edublogs.org,Female,4.175.73.193
337,Rowen,McGiff,rmcgiff9c@boston.com,Male,12.77.119.130
338,Alejandra,McCorrie,amccorrie9d@cafepress.com,Female,212.90.27.18
339,Arabele,Rake,arake9e@oracle.com,Female,123.163.3.16
340,Melloney,Guerola,mguerola9f@google.co.jp,Female,141.116.245.55
341,Elfie,Fulton,efulton9g@lulu.com,Female,199.69.161.29
342,Michaella,O'Suaird,mosuaird9h@shutterfly.com,Female,145.222.85.1
343,Tann,Polye,tpolye9i@mapquest.com,Male,81.3.33.127
344,Krishnah,Dadge,kdadge9j@bloglovin.com,Agender,209.78.117.219
345,Keven,Stefanovic,kstefanovic9k@youtube.com,Male,27.167.208.170
346,Rockey,Slatford,rslatford9l@github.com,Male,184.83.63.160
347,Gerianne,Ellcome,gellcome9m@chronoengine.com,Female,244.111.170.64
348,Conrade,Schrinel,cschrinel9n@vk.com,Bigender,148.7.58.94
349,Andros,Senescall,asenescall9o@creativecommons.org,Male,222.93.173.170
350,Stanleigh,Fairholme,sfairholme9p@stanford.edu,Male,241.3.6.241
351,Florentia,Yude,fyude9q@nydailynews.com,Female,17.116.59.94
352,Abram,Muddimer,amuddimer9r@psu.edu,Polygender,175.101.130.105
353,Bruce,Bettington,bbettington9s@cornell.edu,Male,142.62.56.192
354,Dov,Markey,dmarkey9t@sitemeter.com,Male,244.67.66.21
355,Ninon,Cristol,ncristol9u@dyndns.org,Female,235.73.124.24
356,Packston,Sclater,psclater9v@archive.org,Genderfluid,212.104.137.141
357,Theresita,Tunnadine,ttunnadine9w@spiegel.de,Female,26.47.223.77
358,Biddy,Blesli,bblesli9x@mapy.cz,Female,16.91.154.66
359,Phillipp,Dorrity,pdorrity9y@eepurl.com,Genderfluid,48.68.163.73
360,Chrissie,Ginn,cginn9z@jalbum.net,Female,135.79.124.93
361,Codi,Bartos,cbartosa0@shop-pro.jp,Female,137.190.108.37
362,Raviv,Danilewicz,rdanilewicza1@elpais.com,Male,4.26.202.226
363,Starlene,Rumford,srumforda2@paginegialle.it,Female,59.77.127.217
364,Karl,O'Hannen,kohannena3@slashdot.org,Male,242.236.213.169
365,Kyle,Pynner,kpynnera4@baidu.com,Male,7.219.23.70
366,Selestina,Vince,svincea5@eventbrite.com,Female,229.220.177.174
367,Waite,Bernhart,wbernharta6@yale.edu,Male,81.162.53.36
368,Evangeline,Bailles,ebaillesa7@de.vu,Genderfluid,174.155.191.98
369,Cele,Robertelli,crobertellia8@omniture.com,Female,61.95.165.51
370,Oneida,Haddy,ohaddya9@java.com,Female,72.52.35.16
371,Leoine,Jaggers,ljaggersaa@joomla.org,Female,129.76.10.70
372,Giuditta,Adie,gadieab@ox.ac.uk,Female,75.113.95.150
373,Dean,Climson,dclimsonac@stumbleupon.com,Male,58.242.150.138
374,Sapphire,Ungerechts,sungerechtsad@mayoclinic.com,Non-binary,82.144.236.240
375,Fernando,Muckle,fmuckleae@cnn.com,Male,206.164.220.44
376,Nicoline,Gernier,ngernieraf@e-recht24.de,Female,178.173.208.185
377,Cybill,Stonebanks,cstonebanksag@fotki.com,Female,203.178.172.159
378,Atlanta,Falvey,afalveyah@purevolume.com,Agender,142.148.76.87
379,Bronnie,Ioselevich,bioselevichai@shinystat.com,Male,140.121.183.3
380,Ted,Padley,tpadleyaj@gravatar.com,Female,226.195.155.26
381,Randy,Campey,rcampeyak@liveinternet.ru,Female,81.127.152.83
382,Dominique,Maddocks,dmaddocksal@princeton.edu,Female,153.83.68.117
383,Raimund,O'Shee,rosheeam@yahoo.co.jp,Male,17.48.142.181
384,Hastings,Stellman,hstellmanan@51.la,Male,255.122.28.96
385,Tait,Mackilpatrick,tmackilpatrickao@aboutads.info,Male,42.8.46.97
386,Quinlan,Braidwood,qbraidwoodap@cloudflare.com,Male,247.89.9.13
387,Oneida,Scutchin,oscutchinaq@ifeng.com,Female,7.25.245.187
388,Berri,Iacomo,biacomoar@nationalgeographic.com,Female,77.129.107.96
389,Pembroke,Croome,pcroomeas@epa.gov,Male,109.228.43.143
390,Booth,Baress,bbaressat@lulu.com,Male,169.199.192.189
391,Cymbre,Albury,calburyau@themeforest.net,Female,35.152.218.185
392,Duke,Stroton,dstrotonav@ameblo.jp,Male,119.106.207.235
393,Thorvald,Castello,tcastelloaw@weibo.com,Male,232.182.241.182
394,Grazia,Labden,glabdenax@slate.com,Female,76.14.198.246
395,Nicolai,Withnall,nwithnallay@exblog.jp,Male,112.190.94.93
396,Bernete,Troth,btrothaz@amazon.com,Female,155.81.222.47
397,Velma,Simmgen,vsimmgenb0@arstechnica.com,Female,0.73.97.147
398,Nero,Ronisch,nronischb1@princeton.edu,Male,180.30.159.124
399,Adele,Dubock,adubockb2@senate.gov,Female,74.64.207.243
400,Gayleen,Ritzman,gritzmanb3@tinypic.com,Female,175.133.129.187
401,Elsinore,Hanscom,ehanscomb4@yellowpages.com,Female,155.169.159.123
402,Berty,Troth,btrothb5@de.vu,Male,228.45.133.5
403,Rolph,Beatens,rbeatensb6@topsy.com,Male,161.57.36.241
404,Burk,Raoux,braouxb7@vinaora.com,Male,106.100.144.240
405,Liane,Rudall,lrudallb8@amazon.com,Female,126.223.166.70
406,Martguerita,Woolland,mwoollandb9@wp.com,Female,158.212.56.7
407,Kordula,Robson,krobsonba@macromedia.com,Female,244.152.231.115
408,Con,Shewry,cshewrybb@merriam-webster.com,Polygender,189.39.244.146
409,Lauralee,Penke,lpenkebc@newyorker.com,Female,250.15.249.86
410,Cash,Edwards,cedwardsbd@cyberchimps.com,Male,26.220.105.60
411,Domenic,Ibbett,dibbettbe@gnu.org,Male,243.247.235.40
412,Terrie,O' Clovan,toclovanbf@sciencedirect.com,Female,156.27.125.171
413,Lida,Geelan,lgeelanbg@nasa.gov,Non-binary,121.2.197.12
414,Sargent,January 1st,sjanuarystbh@japanpost.jp,Male,101.164.173.127
415,Jeanine,Tilbrook,jtilbrookbi@fda.gov,Female,195.146.208.236
416,Lissie,Maitland,lmaitlandbj@usda.gov,Female,145.220.234.245
417,Carita,Abrahmson,cabrahmsonbk@cbsnews.com,Female,104.213.120.106
418,Emile,Coule,ecoulebl@apache.org,Male,123.222.46.57
419,Joni,Andreasen,jandreasenbm@un.org,Female,221.36.110.111
420,Ara,Gregor,agregorbn@so-net.ne.jp,Genderqueer,196.253.51.151
421,Jeanne,Buckeridge,jbuckeridgebo@opensource.org,Female,88.190.141.69
422,Nanci,Fardy,nfardybp@ebay.com,Female,127.27.100.47
423,Roderich,Sutcliff,rsutcliffbq@geocities.jp,Male,147.10.59.91
424,Trenton,Ingram,tingrambr@surveymonkey.com,Male,76.237.249.30
425,Smith,Crumly,scrumlybs@examiner.com,Male,0.152.71.149
426,Grover,Vearncombe,gvearncombebt@cocolog-nifty.com,Male,0.231.231.113
427,Dasha,Bravey,dbraveybu@google.com.br,Female,194.63.241.75
428,Berkie,Minchinton,bminchintonbv@networkadvertising.org,Male,41.83.212.240
429,Yovonnda,Rushton,yrushtonbw@oracle.com,Female,146.55.131.51
430,Aldous,Shasnan,ashasnanbx@naver.com,Male,212.190.26.179
431,Waylan,Gynni,wgynniby@people.com.cn,Male,200.238.24.72
432,Hakeem,Stern,hsternbz@goo.ne.jp,Male,234.153.202.89
433,Shellysheldon,Marousek,smarousekc0@cam.ac.uk,Male,102.60.74.146
434,Roosevelt,Jewise,rjewisec1@phpbb.com,Male,220.180.88.93
435,Byram,Sabater,bsabaterc2@tinyurl.com,Male,146.225.212.55
436,Avrit,Clemett,aclemettc3@nymag.com,Female,40.53.133.29
437,Linc,Machen,lmachenc4@dailymotion.com,Male,235.23.178.48
438,Ainslie,Kilduff,akilduffc5@ebay.co.uk,Female,90.223.82.226
439,Doug,Souster,dsousterc6@github.io,Male,107.131.85.167
440,Sigfried,Browse,sbrowsec7@drupal.org,Male,181.31.78.155
441,Blaire,McPhate,bmcphatec8@hhs.gov,Female,107.52.203.132
442,Florry,Schusterl,fschusterlc9@chicagotribune.com,Female,59.94.184.74
443,Verne,Rubinfajn,vrubinfajnca@blogspot.com,Male,147.149.103.160
444,Janet,Kupke,jkupkecb@mysql.com,Female,55.148.63.107
445,Jean,Giraux,jgirauxcc@hostgator.com,Female,143.88.129.171
446,Woodrow,Coulthart,wcoulthartcd@mac.com,Male,66.112.215.109
447,Curt,Pellitt,cpellittce@weather.com,Male,94.170.43.115
448,Dermot,Grayshon,dgrayshoncf@sina.com.cn,Male,21.23.171.204
449,Britte,Harmon,bharmoncg@icq.com,Female,102.198.183.110
450,Lowell,Ivachyov,livachyovch@soundcloud.com,Male,208.116.44.157
451,Latrena,Garrand,lgarrandci@quantcast.com,Female,245.248.235.60
452,Tristan,Robbel,trobbelcj@dyndns.org,Male,158.20.141.60
453,Dot,Penny,dpennyck@mysql.com,Female,225.205.47.6
454,Randy,Colbran,rcolbrancl@soup.io,Female,100.19.143.61
455,Alvinia,Cardus,acarduscm@narod.ru,Agender,201.18.40.176
456,Cris,Cooke,ccookecn@ox.ac.uk,Genderqueer,202.241.178.241
457,Laughton,Endacott,lendacottco@dell.com,Male,94.212.195.89
458,Pincus,Stockford,pstockfordcp@vinaora.com,Male,229.201.244.250
459,Pandora,Coote,pcootecq@loc.gov,Female,145.5.92.218
460,Jule,Rickerd,jrickerdcr@soundcloud.com,Male,249.7.91.230
461,Wilow,Abbatt,wabbattcs@studiopress.com,Female,110.196.249.65
462,Udale,Lodford,ulodfordct@weibo.com,Male,98.129.204.233
463,Lombard,Abisetti,labisetticu@etsy.com,Male,124.198.208.172
464,Giselle,Mcall,gmcallcv@mayoclinic.com,Female,103.95.209.86
465,Maure,Longega,mlongegacw@ocn.ne.jp,Polygender,96.117.17.6
466,Anatola,Hartfield,ahartfieldcx@bigcartel.com,Female,147.132.165.179
467,Dotty,Litherland,dlitherlandcy@friendfeed.com,Polygender,244.52.50.59
468,Hermon,Stoggell,hstoggellcz@studiopress.com,Male,171.243.134.37
469,Bren,Pimerick,bpimerickd0@ft.com,Female,183.238.65.31
470,Franciska,Dillingstone,fdillingstoned1@multiply.com,Female,112.66.41.73
471,Briney,Dinwoodie,bdinwoodied2@harvard.edu,Female,125.132.63.230
472,Verile,Eversley,veversleyd3@barnesandnoble.com,Female,18.218.191.106
473,Natalee,Skaif,nskaifd4@whitehouse.gov,Bigender,142.120.19.45
474,Clement,Plail,cplaild5@e-recht24.de,Male,191.103.118.28
475,Grace,Blasl,gblasld6@cbsnews.com,Male,221.43.231.137
476,Matthaeus,Pusill,mpusilld7@elpais.com,Male,202.181.107.92
477,Carmon,Rakestraw,crakestrawd8@gov.uk,Female,2.186.198.136
478,Halimeda,Jentzsch,hjentzschd9@virginia.edu,Genderqueer,192.197.228.214
479,Vicky,Botfield,vbotfieldda@hexun.com,Female,135.122.34.38
480,Gerhard,Learned,glearneddb@gnu.org,Male,198.38.123.118
481,Tabina,Orrell,torrelldc@sitemeter.com,Female,38.172.49.42
482,Collete,Coad,ccoaddd@google.com.br,Female,156.40.80.159
483,Rosamund,Durn,rdurnde@aol.com,Female,34.226.140.134
484,Jeannine,Jardine,jjardinedf@canalblog.com,Female,141.148.115.152
485,Walker,Waiton,wwaitondg@jalbum.net,Male,229.22.148.188
486,Clayson,Gabbotts,cgabbottsdh@google.cn,Male,134.67.120.57
487,Reyna,Bett,rbettdi@hao123.com,Female,99.191.102.166
488,Sarene,Littledyke,slittledykedj@google.co.jp,Female,93.69.73.140
489,Der,Ludee,dludeedk@plala.or.jp,Male,41.117.65.145
490,Hettie,Matyatin,hmatyatindl@stumbleupon.com,Female,73.237.197.33
491,Vernon,Clitheroe,vclitheroedm@4shared.com,Male,171.172.121.203
492,Levon,Carlsen,lcarlsendn@networksolutions.com,Male,226.46.194.60
493,Herold,Ferencowicz,hferencowiczdo@ning.com,Male,106.202.136.245
494,Charleen,Luckings,cluckingsdp@google.co.jp,Agender,190.168.7.62
495,Nalani,Boxhall,nboxhalldq@163.com,Female,145.249.87.175
496,Chaunce,Jovanovic,cjovanovicdr@prweb.com,Male,59.142.52.86
497,Derby,d'Escoffier,ddescoffierds@epa.gov,Male,120.149.83.228
498,Mair,Cawte,mcawtedt@meetup.com,Female,97.20.60.214
499,Gerrie,Hold,gholddu@nih.gov,Female,167.0.98.205
500,Wanids,Kacheler,wkachelerdv@google.com.au,Female,192.115.100.23
501,Lilian,Portsmouth,lportsmouthdw@ovh.net,Female,42.113.118.40
502,Abba,Spehr,aspehrdx@cocolog-nifty.com,Male,106.199.1.61
503,Burtie,Gaskall,bgaskalldy@dion.ne.jp,Male,106.219.30.124
504,Beniamino,Tidmarsh,btidmarshdz@mit.edu,Agender,120.33.203.1
505,Glenda,Husher,ghushere0@naver.com,Agender,154.144.188.185
506,Gannie,Cornick,gcornicke1@shutterfly.com,Male,51.45.142.237
507,Olympia,Gilder,ogildere2@cdbaby.com,Female,197.126.183.166
508,Wolfie,Flicker,wflickere3@technorati.com,Male,202.93.255.197
509,Gayla,McCrorie,gmccroriee4@trellian.com,Female,75.125.32.79
510,Juli,Gogarty,jgogartye5@naver.com,Female,208.7.233.253
511,Sebastian,Margerison,smargerisone6@booking.com,Male,244.34.35.137
512,Gilda,Vasyukhin,gvasyukhine7@trellian.com,Female,243.37.162.10
513,Leighton,Lettuce,llettucee8@admin.ch,Bigender,18.165.120.131
514,Robin,Jerratsch,rjerratsche9@goodreads.com,Male,0.98.245.140
515,Margaux,Longden,mlongdenea@devhub.com,Female,130.234.104.71
516,Manny,Corsor,mcorsoreb@ifeng.com,Genderqueer,219.168.182.220
517,Emmi,Lindenblatt,elindenblattec@hud.gov,Female,33.111.177.91
518,Cherrita,Bagnall,cbagnalled@state.gov,Female,122.176.199.225
519,Hillard,Rojas,hrojasee@businesswire.com,Male,157.174.172.58
520,Link,Lovick,llovickef@washingtonpost.com,Male,50.142.153.252
521,Urban,Rembrandt,urembrandteg@ustream.tv,Male,107.155.218.65
522,Alexia,Sands-Allan,asandsallaneh@hubpages.com,Female,236.236.243.72
523,Laraine,Marc,lmarcei@cocolog-nifty.com,Female,114.129.37.72
524,Hank,Celier,hcelierej@toplist.cz,Male,6.27.216.157
525,Alfie,Algeo,aalgeoek@bloomberg.com,Male,55.183.232.87
526,Nicola,Gerok,ngerokel@yahoo.co.jp,Genderfluid,45.90.87.91
527,Sondra,Aggas,saggasem@soundcloud.com,Polygender,70.30.129.126
528,Imojean,Sutheran,isutheranen@bigcartel.com,Bigender,208.88.136.41
529,Diane-marie,McFee,dmcfeeeo@over-blog.com,Female,115.175.218.107
530,Northrup,Shotboulte,nshotboulteep@marketwatch.com,Male,61.23.56.42
531,Hermina,Hassett,hhassetteq@vistaprint.com,Female,75.57.71.134
532,Caryl,Hendrich,chendricher@zimbio.com,Female,241.72.57.172
533,Jaye,Hunte,jhuntees@samsung.com,Male,3.246.112.148
534,Roderich,Farenden,rfarendenet@ox.ac.uk,Male,83.1.80.210
535,Corey,Greedyer,cgreedyereu@abc.net.au,Male,49.161.195.61
536,Hazel,Peartree,hpeartreeev@hhs.gov,Female,49.130.231.94
537,Sheba,Pound,spoundew@reference.com,Female,130.224.24.143
538,Orson,Westmarland,owestmarlandex@shareasale.com,Genderqueer,41.237.213.236
539,Vinita,Buddles,vbuddlesey@nih.gov,Female,10.169.164.231
540,Wolf,Pocklington,wpocklingtonez@dailymail.co.uk,Male,54.188.71.15
541,Shawna,Lansdowne,slansdownef0@printfriendly.com,Female,205.121.198.156
542,Marcelo,Moyser,mmoyserf1@prnewswire.com,Male,49.76.244.130
543,Huberto,Trime,htrimef2@aboutads.info,Male,148.194.27.109
544,Morissa,Beavington,mbeavingtonf3@mapy.cz,Female,253.243.189.194
545,Denna,Volant,dvolantf4@google.com,Female,49.27.165.95
546,Harry,Parradye,hparradyef5@acquirethisname.com,Male,220.117.217.59
547,Arlyne,Yarrell,ayarrellf6@bloomberg.com,Female,163.147.169.172
548,Filberte,Wykes,fwykesf7@omniture.com,Male,32.187.191.246
549,Winny,Swaddle,wswaddlef8@nydailynews.com,Female,210.100.108.207
550,Etti,Coronas,ecoronasf9@deviantart.com,Female,184.70.62.226
551,Raphael,Alanbrooke,ralanbrookefa@blogtalkradio.com,Male,0.123.180.249
552,Letisha,Ockland,locklandfb@wordpress.com,Agender,5.8.68.70
553,Gallard,Duker,gdukerfc@woothemes.com,Male,239.235.84.88
554,Shayne,O'Feeny,sofeenyfd@google.co.uk,Female,149.183.130.62
555,Lurette,Kilfeder,lkilfederfe@icq.com,Female,95.197.18.198
556,Bea,Forgan,bforganff@mail.ru,Female,197.7.213.153
557,Dyana,Vaissiere,dvaissierefg@home.pl,Genderqueer,235.172.31.168
558,Sherline,Bonallick,sbonallickfh@yellowbook.com,Agender,112.182.15.142
559,Ryan,Fee,rfeefi@ebay.com,Male,49.179.201.249
560,Adina,Leaf,aleaffj@a8.net,Female,161.102.173.231
561,Kele,Casbolt,kcasboltfk@dell.com,Male,12.136.179.103
562,Stevena,Fallawe,sfallawefl@icq.com,Genderqueer,78.215.205.21
563,Avery,Jamot,ajamotfm@weibo.com,Male,165.122.158.149
564,Wilhelm,Tankus,wtankusfn@gizmodo.com,Agender,44.114.58.33
565,Bartlett,Goacher,bgoacherfo@usatoday.com,Male,253.236.206.237
566,Fay,Poytres,fpoytresfp@opera.com,Female,155.235.133.211
567,Cordie,Rottery,crotteryfq@gravatar.com,Female,228.119.107.151
568,Anissa,Caris,acarisfr@ed.gov,Female,88.115.114.225
569,Valli,Ferber,vferberfs@hibu.com,Polygender,181.86.193.138
570,Elinor,Duggon,eduggonft@smugmug.com,Female,79.84.192.229
571,Lawry,Dillamore,ldillamorefu@yale.edu,Male,106.80.217.224
572,Frank,Kenson,fkensonfv@howstuffworks.com,Male,140.60.91.166
573,Lianne,Pollock,lpollockfw@typepad.com,Female,8.192.149.117
574,Bari,Benitez,bbenitezfx@storify.com,Female,91.61.245.225
575,Freddi,Musso,fmussofy@adobe.com,Female,240.250.32.224
576,Buddie,Danihel,bdanihelfz@theglobeandmail.com,Male,202.208.153.92
577,Dorothee,Matityahu,dmatityahug0@myspace.com,Female,179.131.57.18
578,Teddy,Diloway,tdilowayg1@illinois.edu,Male,136.194.158.76
579,Huntley,Candlin,hcandling2@cnn.com,Male,240.148.89.148
580,Joly,Stent,jstentg3@house.gov,Female,131.242.47.224
581,Guthry,Demschke,gdemschkeg4@imgur.com,Male,121.89.151.211
582,Analise,Thake,athakeg5@1688.com,Female,44.130.56.204
583,Mannie,Munford,mmunfordg6@de.vu,Male,26.24.76.151
584,Clem,Gounard,cgounardg7@businesswire.com,Male,216.153.144.33
585,Cory,Sergent,csergentg8@devhub.com,Bigender,246.212.154.12
586,Pennie,Conti,pcontig9@msu.edu,Female,150.35.254.130
587,Chaddy,Poleye,cpoleyega@lulu.com,Male,2.211.83.110
588,Brook,Boldra,bboldragb@cornell.edu,Female,19.178.197.165
589,Eldon,Huygens,ehuygensgc@netvibes.com,Male,180.241.237.244
590,Yorgos,Polding,ypoldinggd@webeden.co.uk,Male,77.149.42.16
591,Meggy,McWilliams,mmcwilliamsge@ucoz.ru,Female,206.90.179.162
592,Florie,Caghan,fcaghangf@over-blog.com,Female,71.109.173.61
593,Dru,Kee,dkeegg@domainmarket.com,Female,244.220.125.91
594,Alane,MacCaughan,amaccaughangh@discuz.net,Female,248.225.232.159
595,Rois,Wareing,rwareinggi@vkontakte.ru,Female,194.15.199.18
596,Bertrando,Hadny,bhadnygj@china.com.cn,Male,188.206.90.123
597,Cal,Etherington,cetheringtongk@freewebs.com,Male,250.127.37.10
598,Micki,Lis,mlisgl@apache.org,Female,61.114.111.206
599,Karalee,Rosenblum,krosenblumgm@google.co.uk,Female,60.166.73.150
600,Gordie,Spencley,gspencleygn@aboutads.info,Male,198.238.172.62
601,Almira,Birdall,abirdallgo@tripadvisor.com,Female,76.46.169.105
602,Edwin,Bwye,ebwyegp@netlog.com,Male,58.141.24.20
603,Sauveur,Storrie,sstorriegq@domainmarket.com,Male,131.244.28.197
604,Sherline,Gomar,sgomargr@hhs.gov,Female,177.88.80.153
605,Benito,Gerault,bgeraultgs@aol.com,Male,186.195.224.185
606,Davy,Urian,duriangt@dedecms.com,Male,17.125.237.216
607,Hilliard,Colmer,hcolmergu@lycos.com,Agender,177.176.152.171
608,Rea,Shaughnessy,rshaughnessygv@g.co,Female,73.44.226.99
609,Rhianna,Fryman,rfrymangw@so-net.ne.jp,Polygender,65.37.12.49
610,Cesaro,Kunes,ckunesgx@furl.net,Male,131.155.247.108
611,Curtis,Chaplin,cchaplingy@godaddy.com,Male,153.116.164.135
612,Artus,Grewes,agrewesgz@mayoclinic.com,Male,63.215.73.162
613,Robinetta,Challoner,rchallonerh0@alexa.com,Polygender,102.144.104.77
614,Ferguson,Mill,fmillh1@mlb.com,Male,57.107.149.120
615,Victoria,Saunderson,vsaundersonh2@trellian.com,Female,239.149.102.104
616,Hermione,Roskilly,hroskillyh3@stanford.edu,Bigender,186.8.91.44
617,Yuma,Nye,ynyeh4@hao123.com,Male,131.126.149.104
618,Mahala,De Cristofalo,mdecristofaloh5@instagram.com,Female,172.35.98.22
619,Susannah,Deeson,sdeesonh6@reuters.com,Female,207.97.3.89
620,Judie,Goodlatt,jgoodlatth7@imgur.com,Female,29.8.102.127
621,Abbi,Darragh,adarraghh8@scientificamerican.com,Female,15.53.217.8
622,Silva,Strathearn,sstrathearnh9@eventbrite.com,Female,11.83.44.168
623,Michaelina,Wisdom,mwisdomha@cpanel.net,Female,132.98.171.53
624,Garrott,Coppens,gcoppenshb@biglobe.ne.jp,Male,174.68.158.98
625,Fonz,Cordes,fcordeshc@bigcartel.com,Male,29.113.228.163
626,Broderick,Brizland,bbrizlandhd@soup.io,Male,19.1.248.45
627,Tanney,Landreth,tlandrethhe@cbsnews.com,Male,27.240.74.213
628,Harwilll,Janota,hjanotahf@deliciousdays.com,Male,161.117.10.249
629,Teddi,Laird-Craig,tlairdcraighg@patch.com,Female,30.202.37.33
630,Hamel,Banke,hbankehh@cbc.ca,Male,118.191.207.113
631,Joel,Northridge,jnorthridgehi@forbes.com,Male,225.118.203.26
632,Nicolais,McCaffrey,nmccaffreyhj@blog.com,Male,59.209.210.236
633,Sebastien,Creggan,scregganhk@netlog.com,Male,12.225.213.121
634,Ganny,Memory,gmemoryhl@artisteer.com,Male,87.221.194.176
635,Lothaire,Obbard,lobbardhm@facebook.com,Male,164.63.136.117
636,Aguistin,Thunders,athundershn@jigsy.com,Male,125.249.140.245
637,Niels,Bernet,nbernetho@xing.com,Male,229.188.21.52
638,Gracia,Dumphy,gdumphyhp@theatlantic.com,Polygender,167.121.211.245
639,Nicky,Dawney,ndawneyhq@ycombinator.com,Female,209.59.245.146
640,Ellary,Crate,ecratehr@amazonaws.com,Male,77.129.113.71
641,Bruno,Ruberry,bruberryhs@sphinn.com,Male,164.117.141.2
642,Kamila,Sudddard,ksudddardht@istockphoto.com,Female,5.150.16.8
643,Farris,Easbie,feasbiehu@salon.com,Male,197.155.208.187
644,Sigismondo,Markl,smarklhv@privacy.gov.au,Male,166.97.94.203
645,Pren,Fawthorpe,pfawthorpehw@biglobe.ne.jp,Non-binary,6.128.229.219
646,Murdock,McWaters,mmcwatershx@washington.edu,Male,90.58.2.77
647,Marget,Janusz,mjanuszhy@tinypic.com,Female,235.204.59.158
648,Barbabas,Petr,bpetrhz@issuu.com,Male,171.92.180.226
649,Dotti,Isgar,disgari0@mit.edu,Female,0.27.197.124
650,Maryann,Whinney,mwhinneyi1@go.com,Female,58.180.41.48
651,Ginevra,Thompstone,gthompstonei2@feedburner.com,Female,163.241.228.227
652,Justina,Laviss,jlavissi3@technorati.com,Female,124.231.25.44
653,Christophorus,Rumsey,crumseyi4@msu.edu,Genderfluid,34.225.181.175
654,Haskel,Storry,hstorryi5@digg.com,Male,190.243.37.176
655,Algernon,Ferres,aferresi6@godaddy.com,Male,71.214.230.25
656,Pansie,Jewkes,pjewkesi7@facebook.com,Female,229.34.199.244
657,Toinette,Weaving,tweavingi8@google.pl,Female,216.148.214.217
658,Thedric,Lawles,tlawlesi9@1und1.de,Male,71.185.31.172
659,Irwin,Deeson,ideesonia@e-recht24.de,Male,79.102.152.19
660,Thacher,Pedler,tpedlerib@va.gov,Male,93.203.135.241
661,Collin,Scholl,cschollic@cloudflare.com,Male,228.178.11.203
662,Raychel,Kinloch,rkinlochid@4shared.com,Female,17.116.208.50
663,Nicolea,Fuggles,nfugglesie@de.vu,Female,155.194.214.18
664,Doralynne,Antoniat,dantoniatif@apache.org,Female,155.205.92.47
665,Joya,Markwell,jmarkwellig@ezinearticles.com,Genderfluid,82.231.46.220
666,Ingemar,Faraker,ifarakerih@wired.com,Male,236.216.52.235
667,Silvanus,Pachmann,spachmannii@imageshack.us,Male,112.101.192.37
668,Luis,Lutton,lluttonij@hc360.com,Male,90.3.84.116
669,Beauregard,Goudge,bgoudgeik@tripadvisor.com,Male,223.145.144.53
670,Pierson,Geeraert,pgeeraertil@imageshack.us,Male,156.248.94.76
671,Corbin,Di Franceshci,cdifranceshciim@storify.com,Male,158.38.142.41
672,Angel,Ruddin,aruddinin@psu.edu,Male,184.52.177.143
673,Harwell,Simakov,hsimakovio@bravesites.com,Male,161.184.131.101
674,Phaedra,Stedmond,pstedmondip@shutterfly.com,Female,18.10.155.139
675,Rooney,Chaloner,rchaloneriq@is.gd,Genderfluid,149.84.118.88
676,Arte,Mapplethorpe,amapplethorpeir@ehow.com,Male,37.66.73.199
677,Ervin,Wheelband,ewheelbandis@house.gov,Male,233.249.20.29
678,Mariel,Lince,mlinceit@unicef.org,Female,184.236.176.96
679,Cullen,Di Giorgio,cdigiorgioiu@histats.com,Male,184.122.221.223
680,Correna,Barnish,cbarnishiv@live.com,Female,102.26.247.190
681,Inessa,De Antoni,ideantoniiw@live.com,Female,111.64.184.80
682,Keeley,McTague,kmctagueix@hud.gov,Female,160.104.73.150
683,Levin,Bole,lboleiy@gizmodo.com,Male,20.15.143.205
684,Jeana,O'Crevan,jocrevaniz@hostgator.com,Female,224.98.10.58
685,Maurise,Jeggo,mjeggoj0@home.pl,Male,252.71.181.235
686,Adair,Reddyhoff,areddyhoffj1@surveymonkey.com,Male,234.112.88.195
687,Christalle,Esmond,cesmondj2@admin.ch,Genderfluid,28.148.142.119
688,Harlene,Camel,hcamelj3@discovery.com,Female,245.92.134.22
689,Augusto,Scoyne,ascoynej4@umich.edu,Male,209.154.156.17
690,Clem,Beach,cbeachj5@twitpic.com,Female,171.77.149.144
691,Lyndell,Hawyes,lhawyesj6@xrea.com,Female,222.96.139.45
692,Maegan,Pearton,mpeartonj7@cbsnews.com,Female,27.54.87.165
693,Alvan,Cordes,acordesj8@tripod.com,Male,121.41.113.178
694,Wiley,Delhay,wdelhayj9@squarespace.com,Male,81.122.49.92
695,Fidela,McTerry,fmcterryja@creativecommons.org,Female,22.29.156.129
696,Gris,Roddell,groddelljb@rambler.ru,Male,32.232.129.162
697,Odilia,Andreassen,oandreassenjc@fotki.com,Female,187.80.31.142
698,Clio,Pezey,cpezeyjd@mozilla.com,Female,18.171.67.134
699,Garvin,Gebbe,ggebbeje@ed.gov,Male,215.246.134.59
700,Bevon,Otter,botterjf@mozilla.com,Male,208.63.182.136
701,Winnifred,Dowzell,wdowzelljg@jigsy.com,Female,120.224.122.3
702,Eliza,Friar,efriarjh@bloglines.com,Female,27.59.199.117
703,Miller,Rembaud,mrembaudji@360.cn,Male,126.142.69.112
704,Aldric,Graber,agraberjj@jiathis.com,Male,232.100.162.243
705,Alexandrina,Beevors,abeevorsjk@gizmodo.com,Female,26.106.241.212
706,Vivianna,Boribal,vboribaljl@dailymail.co.uk,Female,143.217.65.33
707,Thibaud,Alchin,talchinjm@seattletimes.com,Male,67.152.75.130
708,Antonino,Cecchi,acecchijn@stumbleupon.com,Male,135.176.114.193
709,Ruthy,Dmtrovic,rdmtrovicjo@slate.com,Female,12.120.27.80
710,Bunni,Delbergue,bdelberguejp@timesonline.co.uk,Female,181.223.47.193
711,Filide,Leger,flegerjq@berkeley.edu,Female,66.201.10.45
712,Rodolphe,Scurrell,rscurrelljr@tiny.cc,Male,50.125.60.109
713,Corena,Rihosek,crihosekjs@gravatar.com,Female,3.180.32.132
714,Lynnett,Dourin,ldourinjt@tinypic.com,Genderfluid,218.191.12.110
715,Cissy,Gent,cgentju@csmonitor.com,Female,185.227.38.34
716,Yancey,Feveryear,yfeveryearjv@stumbleupon.com,Male,196.188.2.74
717,Katharine,Cleland,kclelandjw@ucoz.com,Female,161.32.38.137
718,Gus,Scotts,gscottsjx@nydailynews.com,Agender,53.138.163.110
719,Netty,Edds,neddsjy@narod.ru,Female,10.123.12.77
720,Liliane,Barmadier,lbarmadierjz@vkontakte.ru,Female,149.238.179.58
721,Leanor,Fairnie,lfairniek0@t-online.de,Female,218.156.249.41
722,Chelsea,Ranner,crannerk1@soup.io,Female,174.250.194.59
723,Barbie,Shale,bshalek2@soundcloud.com,Female,115.0.35.246
724,Rorke,Gemson,rgemsonk3@microsoft.com,Male,115.66.192.215
725,Massimo,Winward,mwinwardk4@typepad.com,Male,22.42.166.104
726,Reinwald,Franzke,rfranzkek5@weather.com,Male,107.114.203.129
727,Rozalie,Penquet,rpenquetk6@ameblo.jp,Female,28.225.0.42
728,Melina,Bland,mblandk7@dion.ne.jp,Female,32.26.140.201
729,Angie,Jacobowits,ajacobowitsk8@japanpost.jp,Male,115.195.67.97
730,Alejoa,Tanton,atantonk9@prnewswire.com,Male,196.119.71.84
731,Stanwood,Skyme,sskymeka@cnbc.com,Male,225.175.49.38
732,Caresa,Ghent,cghentkb@icq.com,Female,202.4.128.40
733,Nickolaus,Devil,ndevilkc@ameblo.jp,Male,118.50.75.46
734,Alexandrina,Benninck,abenninckkd@diigo.com,Genderqueer,243.14.116.151
735,Suzanna,Frean,sfreanke@ca.gov,Female,34.212.61.249
736,Alister,Wimbush,awimbushkf@newyorker.com,Bigender,231.56.150.179
737,Barris,Simonelli,bsimonellikg@moonfruit.com,Male,134.69.122.230
738,Holt,Legg,hleggkh@cbslocal.com,Male,238.15.245.127
739,Ninnette,MacCleod,nmaccleodki@gov.uk,Agender,228.182.51.2
740,Melinde,Francey,mfranceykj@google.ca,Female,182.36.7.175
741,Drucie,Keneleyside,dkeneleysidekk@prlog.org,Female,88.243.56.248
742,Kennedy,Barhems,kbarhemskl@flickr.com,Male,185.141.203.179
743,Cobb,Sclanders,csclanderskm@discovery.com,Male,123.149.148.161
744,Susann,McIllroy,smcillroykn@technorati.com,Female,77.127.194.190
745,Hebert,Katte,hkatteko@si.edu,Male,94.124.125.237
746,Audra,Markel,amarkelkp@dailymail.co.uk,Female,252.25.85.164
747,Ines,Scyone,iscyonekq@vistaprint.com,Female,237.148.10.187
748,Cherrita,Dulanty,cdulantykr@51.la,Female,160.144.116.211
749,Cecil,Cornwall,ccornwallks@eventbrite.com,Female,77.25.149.66
750,Chet,O'Griffin,cogriffinkt@prnewswire.com,Male,186.150.165.139
751,Sylvan,Tomkiss,stomkissku@biglobe.ne.jp,Male,21.62.199.18
752,Lorne,Carse,lcarsekv@theglobeandmail.com,Agender,32.90.8.200
753,Zulema,Beckworth,zbeckworthkw@e-recht24.de,Female,132.96.203.243
754,Quinta,Garfit,qgarfitkx@webnode.com,Female,96.100.19.158
755,Lawry,Kingsford,lkingsfordky@gov.uk,Male,210.182.238.14
756,Mavis,Paulus,mpauluskz@webeden.co.uk,Female,176.96.151.111
757,Broddy,Chilton,bchiltonl0@freewebs.com,Male,51.34.94.103
758,Trevor,O'Dyvoie,todyvoiel1@squarespace.com,Male,8.177.216.61
759,Paul,Pignon,ppignonl2@cnbc.com,Male,54.196.170.84
760,Selle,Poxson,spoxsonl3@woothemes.com,Genderqueer,195.71.133.108
761,Marilyn,Brash,mbrashl4@taobao.com,Female,198.240.63.179
762,Jilleen,Yakunchikov,jyakunchikovl5@tripadvisor.com,Female,197.101.205.214
763,Haley,Bemand,hbemandl6@themeforest.net,Female,197.120.100.41
764,Gabriel,Gracewood,ggracewoodl7@freewebs.com,Male,219.145.38.120
765,Vivyanne,Toth,vtothl8@myspace.com,Agender,186.2.79.245
766,Analiese,Lissenden,alissendenl9@pcworld.com,Female,244.239.214.102
767,Wilmette,Muir,wmuirla@e-recht24.de,Female,37.112.183.96
768,Jenn,Ondrus,jondruslb@ucla.edu,Female,8.145.188.45
769,Ave,Culley,aculleylc@google.de,Male,55.253.164.37
770,Shari,Shirer,sshirerld@hp.com,Female,201.174.28.15
771,Elle,Mathie,emathiele@mail.ru,Female,247.162.167.245
772,Onfre,Ferreo,oferreolf@jugem.jp,Male,89.177.19.193
773,Tamra,Simondson,tsimondsonlg@answers.com,Female,184.173.157.64
774,Binky,Winscomb,bwinscomblh@sciencedaily.com,Male,82.192.158.37
775,Judd,Furneaux,jfurneauxli@columbia.edu,Male,123.242.223.114
776,Lowell,Follin,lfollinlj@youku.com,Male,45.123.243.123
777,Jenine,Woodcock,jwoodcocklk@apple.com,Female,107.33.2.24
778,Hyatt,Jedrasik,hjedrasikll@sina.com.cn,Male,87.67.239.111
779,Eilis,Strutley,estrutleylm@squarespace.com,Female,18.75.30.133
780,Eugenius,Bunhill,ebunhillln@webnode.com,Male,58.100.202.101
781,Cortie,Cleave,ccleavelo@wired.com,Male,243.177.9.100
782,Nessi,Brislawn,nbrislawnlp@trellian.com,Female,48.232.56.8
783,Griffin,Lishmund,glishmundlq@chicagotribune.com,Male,111.41.127.133
784,Ardyth,Dory,adorylr@woothemes.com,Female,250.47.64.238
785,Glenden,Coils,gcoilsls@state.gov,Polygender,167.189.210.191
786,Belicia,Eveque,bevequelt@psu.edu,Female,19.121.173.70
787,Batsheva,Chipping,bchippinglu@wordpress.org,Female,84.49.122.128
788,Pat,Keward,pkewardlv@icq.com,Female,93.76.197.170
789,Hendrick,Baylis,hbaylislw@icq.com,Male,52.47.24.122
790,Stephan,Coop,scooplx@sphinn.com,Male,215.121.158.45
791,Michele,Mence,mmencely@fc2.com,Male,125.147.217.196
792,Calvin,Soot,csootlz@nbcnews.com,Male,94.25.156.138
793,Harald,McFadin,hmcfadinm0@comsenz.com,Male,2.40.121.205
794,Deane,Vatcher,dvatcherm1@hud.gov,Male,61.2.142.109
795,Larry,Verni,lvernim2@archive.org,Male,25.47.179.108
796,Stanislaus,Cochran,scochranm3@example.com,Male,95.151.146.25
797,Guillemette,Klimentyonok,gklimentyonokm4@paginegialle.it,Female,80.233.157.99
798,Casi,Lukehurst,clukehurstm5@artisteer.com,Female,216.104.12.57
799,Darcee,MacCracken,dmaccrackenm6@google.ru,Female,196.200.201.247
800,Mercy,O'Cooney,mocooneym7@netlog.com,Female,99.146.76.1
801,Averill,Pashenkov,apashenkovm8@amazonaws.com,Male,250.192.2.215
802,Baudoin,Keohane,bkeohanem9@ustream.tv,Male,186.131.194.173
803,Rowney,Messiter,rmessiterma@irs.gov,Male,13.187.178.193
804,Bert,Philliphs,bphilliphsmb@wikispaces.com,Male,145.98.178.92
805,Guillemette,Deevey,gdeeveymc@nih.gov,Female,7.124.134.236
806,Ben,Maas,bmaasmd@plala.or.jp,Male,64.131.14.220
807,Ofilia,Skidmore,oskidmoreme@usa.gov,Genderqueer,156.165.97.180
808,Felic,Landell,flandellmf@nytimes.com,Male,21.156.150.117
809,Kare,Dyster,kdystermg@pcworld.com,Female,229.243.83.121
810,Warren,Leyton,wleytonmh@ebay.com,Male,191.108.161.75
811,Sheilah,Ripsher,sripshermi@google.pl,Genderfluid,131.252.102.13
812,Annabal,Pinel,apinelmj@who.int,Non-binary,127.238.193.251
813,Nowell,Bridden,nbriddenmk@skyrock.com,Bigender,97.88.216.57
814,Leodora,Embury,lemburyml@eepurl.com,Bigender,123.54.91.210
815,Bud,Folcarelli,bfolcarellimm@t-online.de,Male,103.190.171.72
816,Betta,Peatheyjohns,bpeatheyjohnsmn@unblog.fr,Female,50.134.192.102
817,Marcus,Dorant,mdorantmo@chron.com,Male,95.249.146.98
818,Cosme,Itzkin,citzkinmp@wikispaces.com,Male,0.223.182.83
819,Yancy,Liggens,yliggensmq@princeton.edu,Male,93.238.45.21
820,Jandy,Brecon,jbreconmr@ted.com,Female,186.207.201.104
821,Jaymee,Pyrke,jpyrkems@mac.com,Female,57.205.35.159
822,Kimberlee,Duley,kduleymt@51.la,Female,8.232.7.155
823,Aleksandr,Vern,avernmu@list-manage.com,Male,8.127.193.160
824,Christi,Cloake,ccloakemv@mysql.com,Female,235.238.1.36
825,Orly,Pottinger,opottingermw@netvibes.com,Female,107.7.195.10
826,Pauline,Chewter,pchewtermx@google.pl,Female,214.90.152.243
827,Anselm,Sedge,asedgemy@mlb.com,Male,225.134.63.75
828,Putnam,Johannes,pjohannesmz@google.co.jp,Male,53.225.146.83
829,Avril,Gages,agagesn0@samsung.com,Female,119.160.29.247
830,Chandler,Malitrott,cmalitrottn1@prlog.org,Polygender,167.219.113.28
831,Kendrick,Lanfare,klanfaren2@archive.org,Male,22.36.45.93
832,Angelo,Seller,asellern3@bbb.org,Polygender,79.49.146.108
833,Rivalee,Edwinson,redwinsonn4@yahoo.com,Female,9.103.90.21
834,Jack,Sutherel,jsuthereln5@netscape.com,Genderfluid,118.83.48.208
835,Chrissy,Kensley,ckensleyn6@google.cn,Male,245.182.146.187
836,Pat,Wrightim,pwrightimn7@bravesites.com,Female,227.162.160.225
837,Guthrie,Guille,gguillen8@zdnet.com,Male,204.236.255.79
838,Cointon,Raylton,crayltonn9@archive.org,Male,4.102.117.220
839,Natasha,Norville,nnorvillena@bbc.co.uk,Female,11.179.2.151
840,Carlo,Boas,cboasnb@macromedia.com,Male,43.81.30.109
841,Sawyere,Carde,scardenc@mashable.com,Male,155.182.146.234
842,Stanislaw,McGebenay,smcgebenaynd@nydailynews.com,Genderfluid,4.52.216.18
843,Shurwood,Fluin,sfluinne@telegraph.co.uk,Male,69.0.164.122
844,Lyndel,Thackray,lthackraynf@github.io,Genderfluid,116.231.27.143
845,Tabby,Bretherton,tbrethertonng@furl.net,Female,80.1.33.30
846,Angus,Coppins,acoppinsnh@forbes.com,Bigender,31.106.65.215
847,Christal,Hounsom,chounsomni@smh.com.au,Female,170.108.44.237
848,Hyacinthe,Pirrone,hpirronenj@ameblo.jp,Female,204.222.100.30
849,Annmaria,Stienton,astientonnk@booking.com,Female,155.98.84.145
850,Eba,Godney,egodneynl@ebay.com,Female,119.231.129.95
851,Kynthia,Aslin,kaslinnm@comcast.net,Non-binary,71.163.220.9
852,Constancia,Brenneke,cbrennekenn@about.com,Female,130.17.131.245
853,Efren,Maylin,emaylinno@exblog.jp,Male,75.63.58.6
854,Pebrook,Chater,pchaternp@last.fm,Male,168.11.32.102
855,Chucho,Bayston,cbaystonnq@bloomberg.com,Male,227.43.92.40
856,Cointon,Ivanyushin,civanyushinnr@ycombinator.com,Male,72.193.164.49
857,Sophronia,Martellini,smartellinins@fotki.com,Female,110.45.71.66
858,Allyce,Ticksall,aticksallnt@t-online.de,Genderqueer,133.194.82.15
859,Kirbie,Gilroy,kgilroynu@nsw.gov.au,Female,25.76.184.78
860,Lizzie,Pren,lprennv@behance.net,Female,232.220.20.244
861,Jessie,Raspison,jraspisonnw@craigslist.org,Male,140.245.73.121
862,Julio,Krysztofiak,jkrysztofiaknx@hubpages.com,Male,93.90.43.9
863,Torrey,Nicol,tnicolny@indiegogo.com,Genderfluid,247.119.64.103
864,Holden,Arkill,harkillnz@apache.org,Male,200.125.49.91
865,Kelby,Kitley,kkitleyo0@netlog.com,Agender,58.52.138.28
866,Renaldo,Staker,rstakero1@wix.com,Male,110.212.75.110
867,Vern,MacTague,vmactagueo2@boston.com,Male,79.94.221.27
868,Lorens,Ragles,lragleso3@oakley.com,Male,74.134.214.175
869,Shadow,Proughten,sproughteno4@bloomberg.com,Male,253.250.9.225
870,Lotte,Shepard,lshepardo5@sitemeter.com,Female,193.129.6.6
871,Marthena,Lamberti,mlambertio6@stanford.edu,Female,62.184.42.17
872,Sanson,MacKnocker,smacknockero7@tripadvisor.com,Male,6.233.98.229
873,Freda,Penrith,fpenritho8@engadget.com,Female,151.143.170.77
874,Jen,Ducker,jduckero9@tuttocitta.it,Female,187.26.202.97
875,Felix,O'Doherty,fodohertyoa@unc.edu,Non-binary,212.58.77.100
876,Saidee,Pledge,spledgeob@narod.ru,Female,163.94.144.219
877,Madeline,Biermatowicz,mbiermatowiczoc@netscape.com,Genderqueer,154.220.0.241
878,Tobie,Stapleford,tstaplefordod@elpais.com,Male,136.43.24.70
879,Jade,Asgodby,jasgodbyoe@elegantthemes.com,Female,12.57.191.162
880,Bran,Mucklow,bmucklowof@geocities.com,Male,163.237.36.160
881,Carleton,Andreazzi,candreazziog@paginegialle.it,Male,48.8.238.137
882,Thalia,Pebworth,tpebworthoh@stanford.edu,Genderfluid,82.150.8.137
883,Price,Every,peveryoi@illinois.edu,Male,139.132.11.178
884,Daveen,Shoute,dshouteoj@prnewswire.com,Bigender,129.29.28.103
885,Dani,Garlett,dgarlettok@ustream.tv,Female,111.130.228.97
886,Manny,Orro,morrool@webs.com,Male,135.10.145.154
887,Neddie,Cecere,ncecereom@harvard.edu,Male,203.5.123.236
888,Nettie,Prose,nproseon@gizmodo.com,Polygender,210.89.110.206
889,Crystal,Conti,ccontioo@feedburner.com,Female,89.240.136.57
890,Sharon,Middas,smiddasop@constantcontact.com,Female,132.39.25.185
891,Hugo,Mulholland,hmulhollandoq@t-online.de,Male,202.98.99.58
892,Thadeus,Ferrao,tferraoor@businessweek.com,Male,208.212.241.161
893,Alastair,Hugonneau,ahugonneauos@freewebs.com,Male,218.31.8.125
894,Callean,Crowche,ccrowcheot@spiegel.de,Male,133.198.128.100
895,Amble,Wilbud,awilbudou@whitehouse.gov,Male,248.55.89.29
896,Boot,Macveigh,bmacveighov@google.es,Male,255.138.149.233
897,Kimmie,Hiddy,khiddyow@behance.net,Female,84.74.49.176
898,Karol,Strahan,kstrahanox@oracle.com,Female,64.158.34.2
899,Clementius,Harker,charkeroy@google.com.au,Male,226.85.58.108
900,Sylvester,Cobon,scobonoz@usnews.com,Male,77.102.165.201
901,Teodoro,Kennler,tkennlerp0@deviantart.com,Male,11.196.215.64
902,Ron,Hilhouse,rhilhousep1@google.co.jp,Male,29.12.119.3
903,Tatiania,Coverdill,tcoverdillp2@boston.com,Female,173.106.38.219
904,Otto,Biasotti,obiasottip3@ebay.co.uk,Male,123.254.101.0
905,Theobald,Arkcoll,tarkcollp4@histats.com,Male,128.122.198.6
906,Corie,Goatcher,cgoatcherp5@stumbleupon.com,Agender,124.187.26.54
907,Barr,Wing,bwingp6@reuters.com,Male,40.19.216.63
908,Ashlee,Flann,aflannp7@tumblr.com,Female,147.53.43.180
909,Rennie,Villaret,rvillaretp8@angelfire.com,Female,203.238.141.181
910,Tamera,Curado,tcuradop9@blinklist.com,Female,91.36.166.42
911,Padriac,Stuttman,pstuttmanpa@yahoo.com,Male,38.64.250.80
912,Abram,Revening,areveningpb@barnesandnoble.com,Male,148.181.195.134
913,Kristien,Vasilov,kvasilovpc@newsvine.com,Female,19.18.193.95
914,Myrah,Maris,mmarispd@yahoo.co.jp,Female,15.197.67.82
915,Antonio,Briskey,abriskeype@csmonitor.com,Male,31.187.4.142
916,Kiley,Maker,kmakerpf@storify.com,Female,221.123.60.202
917,Felice,Rentoll,frentollpg@furl.net,Male,93.51.11.186
918,Pansy,Gorring,pgorringph@walmart.com,Female,126.204.26.86
919,Antonetta,Meller,amellerpi@imgur.com,Female,215.99.18.28
920,Shelli,Brittles,sbrittlespj@histats.com,Female,65.92.93.210
921,Oralla,Newham,onewhampk@amazonaws.com,Non-binary,207.7.141.158
922,Hamil,McClay,hmcclaypl@wisc.edu,Male,215.114.74.214
923,Kariotta,Corcut,kcorcutpm@omniture.com,Genderqueer,70.0.34.219
924,Cordie,Gytesham,cgyteshampn@walmart.com,Male,23.251.9.233
925,Pinchas,Jacquemot,pjacquemotpo@a8.net,Genderqueer,23.7.164.6
926,Brett,Kneesha,bkneeshapp@sourceforge.net,Genderqueer,221.210.254.230
927,Cammie,Riddle,criddlepq@skyrock.com,Female,105.212.67.154
928,Stanislas,Oxenham,soxenhampr@amazon.de,Male,199.208.129.21
929,Maje,Persian,mpersianps@umn.edu,Male,216.198.238.195
930,Irvin,Edser,iedserpt@barnesandnoble.com,Male,205.69.157.99
931,Neila,Naylor,nnaylorpu@google.com,Female,65.167.190.29
932,Terrijo,Whitsey,twhitseypv@geocities.jp,Female,3.255.102.23
933,Hank,Witham,hwithampw@mac.com,Male,96.63.190.222
934,Giacopo,Sicily,gsicilypx@mail.ru,Male,133.26.168.98
935,Jacenta,Trowl,jtrowlpy@shutterfly.com,Female,206.251.11.51
936,Hanni,Ogborn,hogbornpz@forbes.com,Female,163.254.153.178
937,Betty,Jansson,bjanssonq0@ning.com,Female,11.32.169.63
938,Angelika,Mullany,amullanyq1@hp.com,Female,83.229.203.80
939,Sacha,Rickwood,srickwoodq2@si.edu,Female,137.7.65.189
940,Dominik,Rayburn,drayburnq3@cocolog-nifty.com,Male,182.72.138.140
941,Hartley,Nise,hniseq4@shutterfly.com,Male,107.169.77.78
942,Kristin,Lindbergh,klindberghq5@mtv.com,Female,19.47.202.178
943,Bliss,Brewett,bbrewettq6@unblog.fr,Female,19.193.110.13
944,Sancho,Ingleson,singlesonq7@360.cn,Male,117.169.184.137
945,Tamma,Killen,tkillenq8@marriott.com,Female,78.26.170.214
946,Meade,Bartolomeu,mbartolomeuq9@constantcontact.com,Female,91.83.92.174
947,Aylmar,McPartlin,amcpartlinqa@chron.com,Male,200.194.131.137
948,Drud,Swettenham,dswettenhamqb@mit.edu,Male,196.114.129.195
949,Bernette,Cattermull,bcattermullqc@delicious.com,Female,23.248.133.141
950,Rudolph,Berka,rberkaqd@canalblog.com,Male,102.170.203.136
951,Iago,Ivantyev,iivantyevqe@guardian.co.uk,Male,253.136.10.251
952,Horten,Sturman,hsturmanqf@seesaa.net,Male,192.221.222.224
953,Nadiya,Borrow,nborrowqg@cbslocal.com,Female,159.151.169.25
954,Rhodie,Dilgarno,rdilgarnoqh@cornell.edu,Female,49.190.232.174
955,Freedman,Patrono,fpatronoqi@google.pl,Male,207.203.8.87
956,Rozanne,Squeers,rsqueersqj@oakley.com,Female,183.221.147.85
957,Drugi,Argont,dargontqk@slate.com,Male,70.169.224.55
958,Bob,Freshwater,bfreshwaterql@theatlantic.com,Male,73.136.223.96
959,Cullen,Dulany,cdulanyqm@csmonitor.com,Male,100.73.94.246
960,Adriano,Fleury,afleuryqn@istockphoto.com,Male,115.0.131.33
961,Orel,Maggs,omaggsqo@furl.net,Female,24.10.54.81
962,Lindsey,Andreou,landreouqp@psu.edu,Female,192.174.178.48
963,Paulina,Brahm,pbrahmqq@businessweek.com,Female,141.107.89.169
964,Lionel,Howel,lhowelqr@thetimes.co.uk,Male,212.253.75.124
965,Wyndham,George,wgeorgeqs@imgur.com,Male,135.237.179.116
966,Heather,Cassie,hcassieqt@jugem.jp,Female,155.90.18.18
967,Constantino,Branford,cbranfordqu@macromedia.com,Male,250.13.78.221
968,Gaye,Seares,gsearesqv@unc.edu,Female,140.98.87.41
969,Brien,Derill,bderillqw@wsj.com,Male,92.128.42.113
970,Kimberlee,Chittie,kchittieqx@state.gov,Female,200.56.56.55
971,Mercie,Keay,mkeayqy@topsy.com,Female,206.169.148.31
972,Demetris,Falconer,dfalconerqz@ucoz.ru,Genderfluid,52.32.149.84
973,Gradey,Edeler,gedelerr0@hexun.com,Male,192.133.47.219
974,Abbie,Hairs,ahairsr1@fotki.com,Male,82.108.224.69
975,Caprice,Dallewater,cdallewaterr2@trellian.com,Female,38.95.210.71
976,Tina,Vannar,tvannarr3@chicagotribune.com,Female,93.37.61.242
977,Vicki,Wycliff,vwycliffr4@naver.com,Female,213.69.244.179
978,Joya,Shambroke,jshambroker5@mail.ru,Female,120.106.246.176
979,Reggy,Deveraux,rdeverauxr6@canalblog.com,Male,149.250.156.128
980,Toddy,Lamden,tlamdenr7@tmall.com,Male,82.124.202.5
981,Elva,Pittendreigh,epittendreighr8@prweb.com,Female,252.141.145.209
982,Gilda,Ablett,gablettr9@army.mil,Female,238.122.18.16
983,Danna,Ferreres,dferreresra@ifeng.com,Female,228.172.56.53
984,Hermione,Gawke,hgawkerb@blogs.com,Female,211.234.77.238
985,Jarib,Krop,jkroprc@fastcompany.com,Male,180.176.172.217
986,Joseph,Trevers,jtreversrd@scribd.com,Male,236.199.80.128
987,Kienan,Jacobbe,kjacobbere@mapy.cz,Male,129.160.243.229
988,Dorolisa,Scurlock,dscurlockrf@booking.com,Female,151.172.193.95
989,Gavin,Youtead,gyouteadrg@people.com.cn,Male,198.185.101.132
990,Paulie,Bagehot,pbagehotrh@symantec.com,Male,116.148.96.174
991,Laurianne,Brand-Hardy,lbrandhardyri@digg.com,Female,17.3.187.36
992,Harri,Echalier,hechalierrj@biblegateway.com,Female,182.255.6.33
993,Trip,Hackworth,thackworthrk@kickstarter.com,Male,218.253.148.117
994,Shandra,Robeson,srobesonrl@so-net.ne.jp,Female,227.160.206.128
995,Bret,Teape,bteaperm@pinterest.com,Male,4.4.134.147
996,Brennen,Filchagin,bfilchaginrn@imdb.com,Male,116.166.87.166
997,Frankie,Eggleston,fegglestonro@noaa.gov,Male,187.74.65.6
998,Rubin,Anning,ranningrp@uiuc.edu,Male,89.159.222.108
999,Tomkin,Hesse,thesserq@mayoclinic.com,Male,123.66.141.108
1000,Ulrikaumeko,Janes,ujanesrr@alexa.com,Female,180.35.202.138
